{
    "sentences": [
        {
            "index": 0,
            "parse": "(ROOT\r\n  (S\r\n    (NP (NNP Grupo) (NNP Folha))\r\n    (VP (VBZ is)\r\n      (NP (DT the)\r\n        (ADJP (JJ third) (JJS largest))\r\n        (JJ Brazilian) (NNS media) (NN conglomerate)))\r\n    (SBAR (IN whilst)\r\n      (S\r\n        (NP\r\n          (NP (NNP Universo) (NNP Online))\r\n          (PRN (-LRB- -LRB-)\r\n            (NP (NNP UOL))\r\n            (-RRB- -RRB-)))\r\n        (VP (VBZ is)\r\n          (NP\r\n            (NP (DT a) (NN web) (NN content))\r\n            (, ,)\r\n            (NP\r\n              (NP (NNS products)\r\n                (CC and)\r\n                (NNS services))\r\n              (NP (JJ Brazilian) (NN firm)))))))\r\n    (. .)))",
            "basicDependencies": [
                {
                    "dep": "ROOT",
                    "governor": 0,
                    "governorGloss": "ROOT",
                    "dependent": 9,
                    "dependentGloss": "conglomerate"
                },
                {
                    "dep": "compound",
                    "governor": 2,
                    "governorGloss": "Folha",
                    "dependent": 1,
                    "dependentGloss": "Grupo"
                },
                {
                    "dep": "nsubj",
                    "governor": 9,
                    "governorGloss": "conglomerate",
                    "dependent": 2,
                    "dependentGloss": "Folha"
                },
                {
                    "dep": "cop",
                    "governor": 9,
                    "governorGloss": "conglomerate",
                    "dependent": 3,
                    "dependentGloss": "is"
                },
                {
                    "dep": "det",
                    "governor": 9,
                    "governorGloss": "conglomerate",
                    "dependent": 4,
                    "dependentGloss": "the"
                },
                {
                    "dep": "amod",
                    "governor": 9,
                    "governorGloss": "conglomerate",
                    "dependent": 5,
                    "dependentGloss": "third"
                },
                {
                    "dep": "amod",
                    "governor": 9,
                    "governorGloss": "conglomerate",
                    "dependent": 6,
                    "dependentGloss": "largest"
                },
                {
                    "dep": "amod",
                    "governor": 9,
                    "governorGloss": "conglomerate",
                    "dependent": 7,
                    "dependentGloss": "Brazilian"
                },
                {
                    "dep": "compound",
                    "governor": 9,
                    "governorGloss": "conglomerate",
                    "dependent": 8,
                    "dependentGloss": "media"
                },
                {
                    "dep": "mark",
                    "governor": 19,
                    "governorGloss": "content",
                    "dependent": 10,
                    "dependentGloss": "whilst"
                },
                {
                    "dep": "compound",
                    "governor": 12,
                    "governorGloss": "Online",
                    "dependent": 11,
                    "dependentGloss": "Universo"
                },
                {
                    "dep": "nsubj",
                    "governor": 19,
                    "governorGloss": "content",
                    "dependent": 12,
                    "dependentGloss": "Online"
                },
                {
                    "dep": "punct",
                    "governor": 14,
                    "governorGloss": "UOL",
                    "dependent": 13,
                    "dependentGloss": "-LRB-"
                },
                {
                    "dep": "appos",
                    "governor": 12,
                    "governorGloss": "Online",
                    "dependent": 14,
                    "dependentGloss": "UOL"
                },
                {
                    "dep": "punct",
                    "governor": 14,
                    "governorGloss": "UOL",
                    "dependent": 15,
                    "dependentGloss": "-RRB-"
                },
                {
                    "dep": "cop",
                    "governor": 19,
                    "governorGloss": "content",
                    "dependent": 16,
                    "dependentGloss": "is"
                },
                {
                    "dep": "det",
                    "governor": 19,
                    "governorGloss": "content",
                    "dependent": 17,
                    "dependentGloss": "a"
                },
                {
                    "dep": "compound",
                    "governor": 19,
                    "governorGloss": "content",
                    "dependent": 18,
                    "dependentGloss": "web"
                },
                {
                    "dep": "advcl",
                    "governor": 9,
                    "governorGloss": "conglomerate",
                    "dependent": 19,
                    "dependentGloss": "content"
                },
                {
                    "dep": "punct",
                    "governor": 19,
                    "governorGloss": "content",
                    "dependent": 20,
                    "dependentGloss": ","
                },
                {
                    "dep": "conj",
                    "governor": 19,
                    "governorGloss": "content",
                    "dependent": 21,
                    "dependentGloss": "products"
                },
                {
                    "dep": "cc",
                    "governor": 19,
                    "governorGloss": "content",
                    "dependent": 22,
                    "dependentGloss": "and"
                },
                {
                    "dep": "compound",
                    "governor": 25,
                    "governorGloss": "firm",
                    "dependent": 23,
                    "dependentGloss": "services"
                },
                {
                    "dep": "amod",
                    "governor": 25,
                    "governorGloss": "firm",
                    "dependent": 24,
                    "dependentGloss": "Brazilian"
                },
                {
                    "dep": "conj",
                    "governor": 19,
                    "governorGloss": "content",
                    "dependent": 25,
                    "dependentGloss": "firm"
                },
                {
                    "dep": "punct",
                    "governor": 9,
                    "governorGloss": "conglomerate",
                    "dependent": 26,
                    "dependentGloss": "."
                }
            ],
            "enhancedDependencies": [
                {
                    "dep": "ROOT",
                    "governor": 0,
                    "governorGloss": "ROOT",
                    "dependent": 9,
                    "dependentGloss": "conglomerate"
                },
                {
                    "dep": "compound",
                    "governor": 2,
                    "governorGloss": "Folha",
                    "dependent": 1,
                    "dependentGloss": "Grupo"
                },
                {
                    "dep": "nsubj",
                    "governor": 9,
                    "governorGloss": "conglomerate",
                    "dependent": 2,
                    "dependentGloss": "Folha"
                },
                {
                    "dep": "cop",
                    "governor": 9,
                    "governorGloss": "conglomerate",
                    "dependent": 3,
                    "dependentGloss": "is"
                },
                {
                    "dep": "det",
                    "governor": 9,
                    "governorGloss": "conglomerate",
                    "dependent": 4,
                    "dependentGloss": "the"
                },
                {
                    "dep": "amod",
                    "governor": 9,
                    "governorGloss": "conglomerate",
                    "dependent": 5,
                    "dependentGloss": "third"
                },
                {
                    "dep": "amod",
                    "governor": 9,
                    "governorGloss": "conglomerate",
                    "dependent": 6,
                    "dependentGloss": "largest"
                },
                {
                    "dep": "amod",
                    "governor": 9,
                    "governorGloss": "conglomerate",
                    "dependent": 7,
                    "dependentGloss": "Brazilian"
                },
                {
                    "dep": "compound",
                    "governor": 9,
                    "governorGloss": "conglomerate",
                    "dependent": 8,
                    "dependentGloss": "media"
                },
                {
                    "dep": "mark",
                    "governor": 19,
                    "governorGloss": "content",
                    "dependent": 10,
                    "dependentGloss": "whilst"
                },
                {
                    "dep": "compound",
                    "governor": 12,
                    "governorGloss": "Online",
                    "dependent": 11,
                    "dependentGloss": "Universo"
                },
                {
                    "dep": "nsubj",
                    "governor": 19,
                    "governorGloss": "content",
                    "dependent": 12,
                    "dependentGloss": "Online"
                },
                {
                    "dep": "punct",
                    "governor": 14,
                    "governorGloss": "UOL",
                    "dependent": 13,
                    "dependentGloss": "-LRB-"
                },
                {
                    "dep": "appos",
                    "governor": 12,
                    "governorGloss": "Online",
                    "dependent": 14,
                    "dependentGloss": "UOL"
                },
                {
                    "dep": "punct",
                    "governor": 14,
                    "governorGloss": "UOL",
                    "dependent": 15,
                    "dependentGloss": "-RRB-"
                },
                {
                    "dep": "cop",
                    "governor": 19,
                    "governorGloss": "content",
                    "dependent": 16,
                    "dependentGloss": "is"
                },
                {
                    "dep": "det",
                    "governor": 19,
                    "governorGloss": "content",
                    "dependent": 17,
                    "dependentGloss": "a"
                },
                {
                    "dep": "compound",
                    "governor": 19,
                    "governorGloss": "content",
                    "dependent": 18,
                    "dependentGloss": "web"
                },
                {
                    "dep": "advcl:whilst",
                    "governor": 9,
                    "governorGloss": "conglomerate",
                    "dependent": 19,
                    "dependentGloss": "content"
                },
                {
                    "dep": "punct",
                    "governor": 19,
                    "governorGloss": "content",
                    "dependent": 20,
                    "dependentGloss": ","
                },
                {
                    "dep": "advcl:whilst",
                    "governor": 9,
                    "governorGloss": "conglomerate",
                    "dependent": 21,
                    "dependentGloss": "products"
                },
                {
                    "dep": "conj:and",
                    "governor": 19,
                    "governorGloss": "content",
                    "dependent": 21,
                    "dependentGloss": "products"
                },
                {
                    "dep": "cc",
                    "governor": 19,
                    "governorGloss": "content",
                    "dependent": 22,
                    "dependentGloss": "and"
                },
                {
                    "dep": "compound",
                    "governor": 25,
                    "governorGloss": "firm",
                    "dependent": 23,
                    "dependentGloss": "services"
                },
                {
                    "dep": "amod",
                    "governor": 25,
                    "governorGloss": "firm",
                    "dependent": 24,
                    "dependentGloss": "Brazilian"
                },
                {
                    "dep": "advcl:whilst",
                    "governor": 9,
                    "governorGloss": "conglomerate",
                    "dependent": 25,
                    "dependentGloss": "firm"
                },
                {
                    "dep": "conj:and",
                    "governor": 19,
                    "governorGloss": "content",
                    "dependent": 25,
                    "dependentGloss": "firm"
                },
                {
                    "dep": "punct",
                    "governor": 9,
                    "governorGloss": "conglomerate",
                    "dependent": 26,
                    "dependentGloss": "."
                }
            ],
            "enhancedPlusPlusDependencies": [
                {
                    "dep": "ROOT",
                    "governor": 0,
                    "governorGloss": "ROOT",
                    "dependent": 9,
                    "dependentGloss": "conglomerate"
                },
                {
                    "dep": "compound",
                    "governor": 2,
                    "governorGloss": "Folha",
                    "dependent": 1,
                    "dependentGloss": "Grupo"
                },
                {
                    "dep": "nsubj",
                    "governor": 9,
                    "governorGloss": "conglomerate",
                    "dependent": 2,
                    "dependentGloss": "Folha"
                },
                {
                    "dep": "cop",
                    "governor": 9,
                    "governorGloss": "conglomerate",
                    "dependent": 3,
                    "dependentGloss": "is"
                },
                {
                    "dep": "det",
                    "governor": 9,
                    "governorGloss": "conglomerate",
                    "dependent": 4,
                    "dependentGloss": "the"
                },
                {
                    "dep": "amod",
                    "governor": 9,
                    "governorGloss": "conglomerate",
                    "dependent": 5,
                    "dependentGloss": "third"
                },
                {
                    "dep": "amod",
                    "governor": 9,
                    "governorGloss": "conglomerate",
                    "dependent": 6,
                    "dependentGloss": "largest"
                },
                {
                    "dep": "amod",
                    "governor": 9,
                    "governorGloss": "conglomerate",
                    "dependent": 7,
                    "dependentGloss": "Brazilian"
                },
                {
                    "dep": "compound",
                    "governor": 9,
                    "governorGloss": "conglomerate",
                    "dependent": 8,
                    "dependentGloss": "media"
                },
                {
                    "dep": "mark",
                    "governor": 19,
                    "governorGloss": "content",
                    "dependent": 10,
                    "dependentGloss": "whilst"
                },
                {
                    "dep": "compound",
                    "governor": 12,
                    "governorGloss": "Online",
                    "dependent": 11,
                    "dependentGloss": "Universo"
                },
                {
                    "dep": "nsubj",
                    "governor": 19,
                    "governorGloss": "content",
                    "dependent": 12,
                    "dependentGloss": "Online"
                },
                {
                    "dep": "punct",
                    "governor": 14,
                    "governorGloss": "UOL",
                    "dependent": 13,
                    "dependentGloss": "-LRB-"
                },
                {
                    "dep": "appos",
                    "governor": 12,
                    "governorGloss": "Online",
                    "dependent": 14,
                    "dependentGloss": "UOL"
                },
                {
                    "dep": "punct",
                    "governor": 14,
                    "governorGloss": "UOL",
                    "dependent": 15,
                    "dependentGloss": "-RRB-"
                },
                {
                    "dep": "cop",
                    "governor": 19,
                    "governorGloss": "content",
                    "dependent": 16,
                    "dependentGloss": "is"
                },
                {
                    "dep": "det",
                    "governor": 19,
                    "governorGloss": "content",
                    "dependent": 17,
                    "dependentGloss": "a"
                },
                {
                    "dep": "compound",
                    "governor": 19,
                    "governorGloss": "content",
                    "dependent": 18,
                    "dependentGloss": "web"
                },
                {
                    "dep": "advcl:whilst",
                    "governor": 9,
                    "governorGloss": "conglomerate",
                    "dependent": 19,
                    "dependentGloss": "content"
                },
                {
                    "dep": "punct",
                    "governor": 19,
                    "governorGloss": "content",
                    "dependent": 20,
                    "dependentGloss": ","
                },
                {
                    "dep": "advcl:whilst",
                    "governor": 9,
                    "governorGloss": "conglomerate",
                    "dependent": 21,
                    "dependentGloss": "products"
                },
                {
                    "dep": "conj:and",
                    "governor": 19,
                    "governorGloss": "content",
                    "dependent": 21,
                    "dependentGloss": "products"
                },
                {
                    "dep": "cc",
                    "governor": 19,
                    "governorGloss": "content",
                    "dependent": 22,
                    "dependentGloss": "and"
                },
                {
                    "dep": "compound",
                    "governor": 25,
                    "governorGloss": "firm",
                    "dependent": 23,
                    "dependentGloss": "services"
                },
                {
                    "dep": "amod",
                    "governor": 25,
                    "governorGloss": "firm",
                    "dependent": 24,
                    "dependentGloss": "Brazilian"
                },
                {
                    "dep": "advcl:whilst",
                    "governor": 9,
                    "governorGloss": "conglomerate",
                    "dependent": 25,
                    "dependentGloss": "firm"
                },
                {
                    "dep": "conj:and",
                    "governor": 19,
                    "governorGloss": "content",
                    "dependent": 25,
                    "dependentGloss": "firm"
                },
                {
                    "dep": "punct",
                    "governor": 9,
                    "governorGloss": "conglomerate",
                    "dependent": 26,
                    "dependentGloss": "."
                }
            ],
            "entitymentions": [
                {
                    "docTokenBegin": 0,
                    "docTokenEnd": 2,
                    "tokenBegin": 0,
                    "tokenEnd": 2,
                    "text": "Grupo Folha",
                    "characterOffsetBegin": 0,
                    "characterOffsetEnd": 11,
                    "ner": "ORGANIZATION"
                },
                {
                    "docTokenBegin": 4,
                    "docTokenEnd": 5,
                    "tokenBegin": 4,
                    "tokenEnd": 5,
                    "text": "third",
                    "characterOffsetBegin": 19,
                    "characterOffsetEnd": 24,
                    "ner": "ORDINAL",
                    "normalizedNER": "3.0"
                },
                {
                    "docTokenBegin": 6,
                    "docTokenEnd": 7,
                    "tokenBegin": 6,
                    "tokenEnd": 7,
                    "text": "Brazilian",
                    "characterOffsetBegin": 33,
                    "characterOffsetEnd": 42,
                    "ner": "NATIONALITY"
                },
                {
                    "docTokenBegin": 10,
                    "docTokenEnd": 12,
                    "tokenBegin": 10,
                    "tokenEnd": 12,
                    "text": "Universo Online",
                    "characterOffsetBegin": 69,
                    "characterOffsetEnd": 84,
                    "ner": "ORGANIZATION"
                },
                {
                    "docTokenBegin": 13,
                    "docTokenEnd": 14,
                    "tokenBegin": 13,
                    "tokenEnd": 14,
                    "text": "UOL",
                    "characterOffsetBegin": 86,
                    "characterOffsetEnd": 89,
                    "ner": "ORGANIZATION"
                },
                {
                    "docTokenBegin": 23,
                    "docTokenEnd": 24,
                    "tokenBegin": 23,
                    "tokenEnd": 24,
                    "text": "Brazilian",
                    "characterOffsetBegin": 131,
                    "characterOffsetEnd": 140,
                    "ner": "NATIONALITY"
                }
            ],
            "tokens": [
                {
                    "index": 1,
                    "word": "Grupo",
                    "originalText": "Grupo",
                    "lemma": "Grupo",
                    "characterOffsetBegin": 0,
                    "characterOffsetEnd": 5,
                    "pos": "NNP",
                    "ner": "ORGANIZATION",
                    "speaker": "PER0",
                    "before": "",
                    "after": " "
                },
                {
                    "index": 2,
                    "word": "Folha",
                    "originalText": "Folha",
                    "lemma": "Folha",
                    "characterOffsetBegin": 6,
                    "characterOffsetEnd": 11,
                    "pos": "NNP",
                    "ner": "ORGANIZATION",
                    "speaker": "PER0",
                    "before": " ",
                    "after": " "
                },
                {
                    "index": 3,
                    "word": "is",
                    "originalText": "is",
                    "lemma": "be",
                    "characterOffsetBegin": 12,
                    "characterOffsetEnd": 14,
                    "pos": "VBZ",
                    "ner": "O",
                    "speaker": "PER0",
                    "before": " ",
                    "after": " "
                },
                {
                    "index": 4,
                    "word": "the",
                    "originalText": "the",
                    "lemma": "the",
                    "characterOffsetBegin": 15,
                    "characterOffsetEnd": 18,
                    "pos": "DT",
                    "ner": "O",
                    "speaker": "PER0",
                    "before": " ",
                    "after": " "
                },
                {
                    "index": 5,
                    "word": "third",
                    "originalText": "third",
                    "lemma": "third",
                    "characterOffsetBegin": 19,
                    "characterOffsetEnd": 24,
                    "pos": "JJ",
                    "ner": "ORDINAL",
                    "normalizedNER": "3.0",
                    "speaker": "PER0",
                    "before": " ",
                    "after": " "
                },
                {
                    "index": 6,
                    "word": "largest",
                    "originalText": "largest",
                    "lemma": "largest",
                    "characterOffsetBegin": 25,
                    "characterOffsetEnd": 32,
                    "pos": "JJS",
                    "ner": "O",
                    "speaker": "PER0",
                    "before": " ",
                    "after": " "
                },
                {
                    "index": 7,
                    "word": "Brazilian",
                    "originalText": "Brazilian",
                    "lemma": "brazilian",
                    "characterOffsetBegin": 33,
                    "characterOffsetEnd": 42,
                    "pos": "JJ",
                    "ner": "NATIONALITY",
                    "speaker": "PER0",
                    "before": " ",
                    "after": " "
                },
                {
                    "index": 8,
                    "word": "media",
                    "originalText": "media",
                    "lemma": "media",
                    "characterOffsetBegin": 43,
                    "characterOffsetEnd": 48,
                    "pos": "NNS",
                    "ner": "O",
                    "speaker": "PER0",
                    "before": " ",
                    "after": " "
                },
                {
                    "index": 9,
                    "word": "conglomerate",
                    "originalText": "conglomerate",
                    "lemma": "conglomerate",
                    "characterOffsetBegin": 49,
                    "characterOffsetEnd": 61,
                    "pos": "NN",
                    "ner": "O",
                    "speaker": "PER0",
                    "before": " ",
                    "after": " "
                },
                {
                    "index": 10,
                    "word": "whilst",
                    "originalText": "whilst",
                    "lemma": "whilst",
                    "characterOffsetBegin": 62,
                    "characterOffsetEnd": 68,
                    "pos": "IN",
                    "ner": "O",
                    "speaker": "PER0",
                    "before": " ",
                    "after": " "
                },
                {
                    "index": 11,
                    "word": "Universo",
                    "originalText": "Universo",
                    "lemma": "Universo",
                    "characterOffsetBegin": 69,
                    "characterOffsetEnd": 77,
                    "pos": "NNP",
                    "ner": "ORGANIZATION",
                    "speaker": "PER0",
                    "before": " ",
                    "after": " "
                },
                {
                    "index": 12,
                    "word": "Online",
                    "originalText": "Online",
                    "lemma": "Online",
                    "characterOffsetBegin": 78,
                    "characterOffsetEnd": 84,
                    "pos": "NNP",
                    "ner": "ORGANIZATION",
                    "speaker": "PER0",
                    "before": " ",
                    "after": " "
                },
                {
                    "index": 13,
                    "word": "-LRB-",
                    "originalText": "(",
                    "lemma": "-lrb-",
                    "characterOffsetBegin": 85,
                    "characterOffsetEnd": 86,
                    "pos": "-LRB-",
                    "ner": "O",
                    "speaker": "PER0",
                    "before": " ",
                    "after": ""
                },
                {
                    "index": 14,
                    "word": "UOL",
                    "originalText": "UOL",
                    "lemma": "UOL",
                    "characterOffsetBegin": 86,
                    "characterOffsetEnd": 89,
                    "pos": "NNP",
                    "ner": "ORGANIZATION",
                    "speaker": "PER0",
                    "before": "",
                    "after": ""
                },
                {
                    "index": 15,
                    "word": "-RRB-",
                    "originalText": ")",
                    "lemma": "-rrb-",
                    "characterOffsetBegin": 89,
                    "characterOffsetEnd": 90,
                    "pos": "-RRB-",
                    "ner": "O",
                    "speaker": "PER0",
                    "before": "",
                    "after": " "
                },
                {
                    "index": 16,
                    "word": "is",
                    "originalText": "is",
                    "lemma": "be",
                    "characterOffsetBegin": 91,
                    "characterOffsetEnd": 93,
                    "pos": "VBZ",
                    "ner": "O",
                    "speaker": "PER0",
                    "before": " ",
                    "after": " "
                },
                {
                    "index": 17,
                    "word": "a",
                    "originalText": "a",
                    "lemma": "a",
                    "characterOffsetBegin": 94,
                    "characterOffsetEnd": 95,
                    "pos": "DT",
                    "ner": "O",
                    "speaker": "PER0",
                    "before": " ",
                    "after": " "
                },
                {
                    "index": 18,
                    "word": "web",
                    "originalText": "web",
                    "lemma": "web",
                    "characterOffsetBegin": 96,
                    "characterOffsetEnd": 99,
                    "pos": "NN",
                    "ner": "O",
                    "speaker": "PER0",
                    "before": " ",
                    "after": " "
                },
                {
                    "index": 19,
                    "word": "content",
                    "originalText": "content",
                    "lemma": "content",
                    "characterOffsetBegin": 100,
                    "characterOffsetEnd": 107,
                    "pos": "NN",
                    "ner": "O",
                    "speaker": "PER0",
                    "before": " ",
                    "after": ""
                },
                {
                    "index": 20,
                    "word": ",",
                    "originalText": ",",
                    "lemma": ",",
                    "characterOffsetBegin": 107,
                    "characterOffsetEnd": 108,
                    "pos": ",",
                    "ner": "O",
                    "speaker": "PER0",
                    "before": "",
                    "after": " "
                },
                {
                    "index": 21,
                    "word": "products",
                    "originalText": "products",
                    "lemma": "product",
                    "characterOffsetBegin": 109,
                    "characterOffsetEnd": 117,
                    "pos": "NNS",
                    "ner": "O",
                    "speaker": "PER0",
                    "before": " ",
                    "after": " "
                },
                {
                    "index": 22,
                    "word": "and",
                    "originalText": "and",
                    "lemma": "and",
                    "characterOffsetBegin": 118,
                    "characterOffsetEnd": 121,
                    "pos": "CC",
                    "ner": "O",
                    "speaker": "PER0",
                    "before": " ",
                    "after": " "
                },
                {
                    "index": 23,
                    "word": "services",
                    "originalText": "services",
                    "lemma": "service",
                    "characterOffsetBegin": 122,
                    "characterOffsetEnd": 130,
                    "pos": "NNS",
                    "ner": "O",
                    "speaker": "PER0",
                    "before": " ",
                    "after": " "
                },
                {
                    "index": 24,
                    "word": "Brazilian",
                    "originalText": "Brazilian",
                    "lemma": "brazilian",
                    "characterOffsetBegin": 131,
                    "characterOffsetEnd": 140,
                    "pos": "JJ",
                    "ner": "NATIONALITY",
                    "speaker": "PER0",
                    "before": " ",
                    "after": " "
                },
                {
                    "index": 25,
                    "word": "firm",
                    "originalText": "firm",
                    "lemma": "firm",
                    "characterOffsetBegin": 141,
                    "characterOffsetEnd": 145,
                    "pos": "NN",
                    "ner": "O",
                    "speaker": "PER0",
                    "before": " ",
                    "after": ""
                },
                {
                    "index": 26,
                    "word": ".",
                    "originalText": ".",
                    "lemma": ".",
                    "characterOffsetBegin": 145,
                    "characterOffsetEnd": 146,
                    "pos": ".",
                    "ner": "O",
                    "speaker": "PER0",
                    "before": "",
                    "after": " "
                }
            ]
        },
        {
            "index": 1,
            "parse": "(ROOT\r\n  (S\r\n    (ADVP (RB However))\r\n    (, ,)\r\n    (NP (PRP it))\r\n    (VP (VBZ is)\r\n      (ADVP (RB still))\r\n      (ADJP (JJ unclear))\r\n      (SBAR\r\n        (WHNP (WP who))\r\n        (S\r\n          (VP (VBD was)\r\n            (PP (IN behind)\r\n              (NP (DT the) (JJ whole) (NN scheme)))))))\r\n    (. .)))",
            "basicDependencies": [
                {
                    "dep": "ROOT",
                    "governor": 0,
                    "governorGloss": "ROOT",
                    "dependent": 6,
                    "dependentGloss": "unclear"
                },
                {
                    "dep": "advmod",
                    "governor": 6,
                    "governorGloss": "unclear",
                    "dependent": 1,
                    "dependentGloss": "However"
                },
                {
                    "dep": "punct",
                    "governor": 6,
                    "governorGloss": "unclear",
                    "dependent": 2,
                    "dependentGloss": ","
                },
                {
                    "dep": "nsubj",
                    "governor": 6,
                    "governorGloss": "unclear",
                    "dependent": 3,
                    "dependentGloss": "it"
                },
                {
                    "dep": "cop",
                    "governor": 6,
                    "governorGloss": "unclear",
                    "dependent": 4,
                    "dependentGloss": "is"
                },
                {
                    "dep": "advmod",
                    "governor": 6,
                    "governorGloss": "unclear",
                    "dependent": 5,
                    "dependentGloss": "still"
                },
                {
                    "dep": "nsubj",
                    "governor": 12,
                    "governorGloss": "scheme",
                    "dependent": 7,
                    "dependentGloss": "who"
                },
                {
                    "dep": "cop",
                    "governor": 12,
                    "governorGloss": "scheme",
                    "dependent": 8,
                    "dependentGloss": "was"
                },
                {
                    "dep": "case",
                    "governor": 12,
                    "governorGloss": "scheme",
                    "dependent": 9,
                    "dependentGloss": "behind"
                },
                {
                    "dep": "det",
                    "governor": 12,
                    "governorGloss": "scheme",
                    "dependent": 10,
                    "dependentGloss": "the"
                },
                {
                    "dep": "amod",
                    "governor": 12,
                    "governorGloss": "scheme",
                    "dependent": 11,
                    "dependentGloss": "whole"
                },
                {
                    "dep": "ccomp",
                    "governor": 6,
                    "governorGloss": "unclear",
                    "dependent": 12,
                    "dependentGloss": "scheme"
                },
                {
                    "dep": "punct",
                    "governor": 6,
                    "governorGloss": "unclear",
                    "dependent": 13,
                    "dependentGloss": "."
                }
            ],
            "enhancedDependencies": [
                {
                    "dep": "ROOT",
                    "governor": 0,
                    "governorGloss": "ROOT",
                    "dependent": 6,
                    "dependentGloss": "unclear"
                },
                {
                    "dep": "advmod",
                    "governor": 6,
                    "governorGloss": "unclear",
                    "dependent": 1,
                    "dependentGloss": "However"
                },
                {
                    "dep": "punct",
                    "governor": 6,
                    "governorGloss": "unclear",
                    "dependent": 2,
                    "dependentGloss": ","
                },
                {
                    "dep": "nsubj",
                    "governor": 6,
                    "governorGloss": "unclear",
                    "dependent": 3,
                    "dependentGloss": "it"
                },
                {
                    "dep": "cop",
                    "governor": 6,
                    "governorGloss": "unclear",
                    "dependent": 4,
                    "dependentGloss": "is"
                },
                {
                    "dep": "advmod",
                    "governor": 6,
                    "governorGloss": "unclear",
                    "dependent": 5,
                    "dependentGloss": "still"
                },
                {
                    "dep": "nsubj",
                    "governor": 12,
                    "governorGloss": "scheme",
                    "dependent": 7,
                    "dependentGloss": "who"
                },
                {
                    "dep": "cop",
                    "governor": 12,
                    "governorGloss": "scheme",
                    "dependent": 8,
                    "dependentGloss": "was"
                },
                {
                    "dep": "case",
                    "governor": 12,
                    "governorGloss": "scheme",
                    "dependent": 9,
                    "dependentGloss": "behind"
                },
                {
                    "dep": "det",
                    "governor": 12,
                    "governorGloss": "scheme",
                    "dependent": 10,
                    "dependentGloss": "the"
                },
                {
                    "dep": "amod",
                    "governor": 12,
                    "governorGloss": "scheme",
                    "dependent": 11,
                    "dependentGloss": "whole"
                },
                {
                    "dep": "ccomp",
                    "governor": 6,
                    "governorGloss": "unclear",
                    "dependent": 12,
                    "dependentGloss": "scheme"
                },
                {
                    "dep": "punct",
                    "governor": 6,
                    "governorGloss": "unclear",
                    "dependent": 13,
                    "dependentGloss": "."
                }
            ],
            "enhancedPlusPlusDependencies": [
                {
                    "dep": "ROOT",
                    "governor": 0,
                    "governorGloss": "ROOT",
                    "dependent": 6,
                    "dependentGloss": "unclear"
                },
                {
                    "dep": "advmod",
                    "governor": 6,
                    "governorGloss": "unclear",
                    "dependent": 1,
                    "dependentGloss": "However"
                },
                {
                    "dep": "punct",
                    "governor": 6,
                    "governorGloss": "unclear",
                    "dependent": 2,
                    "dependentGloss": ","
                },
                {
                    "dep": "nsubj",
                    "governor": 6,
                    "governorGloss": "unclear",
                    "dependent": 3,
                    "dependentGloss": "it"
                },
                {
                    "dep": "cop",
                    "governor": 6,
                    "governorGloss": "unclear",
                    "dependent": 4,
                    "dependentGloss": "is"
                },
                {
                    "dep": "advmod",
                    "governor": 6,
                    "governorGloss": "unclear",
                    "dependent": 5,
                    "dependentGloss": "still"
                },
                {
                    "dep": "nsubj",
                    "governor": 12,
                    "governorGloss": "scheme",
                    "dependent": 7,
                    "dependentGloss": "who"
                },
                {
                    "dep": "cop",
                    "governor": 12,
                    "governorGloss": "scheme",
                    "dependent": 8,
                    "dependentGloss": "was"
                },
                {
                    "dep": "case",
                    "governor": 12,
                    "governorGloss": "scheme",
                    "dependent": 9,
                    "dependentGloss": "behind"
                },
                {
                    "dep": "det",
                    "governor": 12,
                    "governorGloss": "scheme",
                    "dependent": 10,
                    "dependentGloss": "the"
                },
                {
                    "dep": "amod",
                    "governor": 12,
                    "governorGloss": "scheme",
                    "dependent": 11,
                    "dependentGloss": "whole"
                },
                {
                    "dep": "ccomp",
                    "governor": 6,
                    "governorGloss": "unclear",
                    "dependent": 12,
                    "dependentGloss": "scheme"
                },
                {
                    "dep": "punct",
                    "governor": 6,
                    "governorGloss": "unclear",
                    "dependent": 13,
                    "dependentGloss": "."
                }
            ],
            "entitymentions": [],
            "tokens": [
                {
                    "index": 1,
                    "word": "However",
                    "originalText": "However",
                    "lemma": "however",
                    "characterOffsetBegin": 147,
                    "characterOffsetEnd": 154,
                    "pos": "RB",
                    "ner": "O",
                    "speaker": "PER0",
                    "before": " ",
                    "after": ""
                },
                {
                    "index": 2,
                    "word": ",",
                    "originalText": ",",
                    "lemma": ",",
                    "characterOffsetBegin": 154,
                    "characterOffsetEnd": 155,
                    "pos": ",",
                    "ner": "O",
                    "speaker": "PER0",
                    "before": "",
                    "after": " "
                },
                {
                    "index": 3,
                    "word": "it",
                    "originalText": "it",
                    "lemma": "it",
                    "characterOffsetBegin": 156,
                    "characterOffsetEnd": 158,
                    "pos": "PRP",
                    "ner": "O",
                    "speaker": "PER0",
                    "before": " ",
                    "after": " "
                },
                {
                    "index": 4,
                    "word": "is",
                    "originalText": "is",
                    "lemma": "be",
                    "characterOffsetBegin": 159,
                    "characterOffsetEnd": 161,
                    "pos": "VBZ",
                    "ner": "O",
                    "speaker": "PER0",
                    "before": " ",
                    "after": " "
                },
                {
                    "index": 5,
                    "word": "still",
                    "originalText": "still",
                    "lemma": "still",
                    "characterOffsetBegin": 162,
                    "characterOffsetEnd": 167,
                    "pos": "RB",
                    "ner": "O",
                    "speaker": "PER0",
                    "before": " ",
                    "after": " "
                },
                {
                    "index": 6,
                    "word": "unclear",
                    "originalText": "unclear",
                    "lemma": "unclear",
                    "characterOffsetBegin": 168,
                    "characterOffsetEnd": 175,
                    "pos": "JJ",
                    "ner": "O",
                    "speaker": "PER0",
                    "before": " ",
                    "after": " "
                },
                {
                    "index": 7,
                    "word": "who",
                    "originalText": "who",
                    "lemma": "who",
                    "characterOffsetBegin": 176,
                    "characterOffsetEnd": 179,
                    "pos": "WP",
                    "ner": "O",
                    "speaker": "PER0",
                    "before": " ",
                    "after": " "
                },
                {
                    "index": 8,
                    "word": "was",
                    "originalText": "was",
                    "lemma": "be",
                    "characterOffsetBegin": 180,
                    "characterOffsetEnd": 183,
                    "pos": "VBD",
                    "ner": "O",
                    "speaker": "PER0",
                    "before": " ",
                    "after": " "
                },
                {
                    "index": 9,
                    "word": "behind",
                    "originalText": "behind",
                    "lemma": "behind",
                    "characterOffsetBegin": 184,
                    "characterOffsetEnd": 190,
                    "pos": "IN",
                    "ner": "O",
                    "speaker": "PER0",
                    "before": " ",
                    "after": " "
                },
                {
                    "index": 10,
                    "word": "the",
                    "originalText": "the",
                    "lemma": "the",
                    "characterOffsetBegin": 191,
                    "characterOffsetEnd": 194,
                    "pos": "DT",
                    "ner": "O",
                    "speaker": "PER0",
                    "before": " ",
                    "after": " "
                },
                {
                    "index": 11,
                    "word": "whole",
                    "originalText": "whole",
                    "lemma": "whole",
                    "characterOffsetBegin": 195,
                    "characterOffsetEnd": 200,
                    "pos": "JJ",
                    "ner": "O",
                    "speaker": "PER0",
                    "before": " ",
                    "after": " "
                },
                {
                    "index": 12,
                    "word": "scheme",
                    "originalText": "scheme",
                    "lemma": "scheme",
                    "characterOffsetBegin": 201,
                    "characterOffsetEnd": 207,
                    "pos": "NN",
                    "ner": "O",
                    "speaker": "PER0",
                    "before": " ",
                    "after": ""
                },
                {
                    "index": 13,
                    "word": ".",
                    "originalText": ".",
                    "lemma": ".",
                    "characterOffsetBegin": 207,
                    "characterOffsetEnd": 208,
                    "pos": ".",
                    "ner": "O",
                    "speaker": "PER0",
                    "before": "",
                    "after": " "
                }
            ]
        },
        {
            "index": 2,
            "parse": "(ROOT\r\n  (S\r\n    (S\r\n      (NP\r\n        (NP (DT The) (JJ deface) (NN message))\r\n        (SBAR\r\n          (S\r\n            (NP (PRP itself))\r\n            (VP (VBD was)\r\n              (VP\r\n                (VP (VBG asking)\r\n                  (NP (NNS users))\r\n                  (S\r\n                    (VP (TO to)\r\n                      (VP (VB click)\r\n                        (PP (IN on)\r\n                          (NP (DT a) (NN cat)\r\n                            (S\r\n                              (VP (TO to)\r\n                                (VP (VB read)\r\n                                  (NP\r\n                                    (NP (NN group) (POS 's))\r\n                                    (NN background)))))))))))\r\n                (CC but)\r\n                (VP\r\n                  (PP (IN upon)\r\n                    (S\r\n                      (VP (VBG clicking)))))))))))\r\n    (, ,)\r\n    (NP (PRP they))\r\n    (VP (VBD were)\r\n      (VP (VBN redirected)\r\n        (PP (TO to)\r\n          (NP (NNP RedTube)))))))",
            "basicDependencies": [
                {
                    "dep": "ROOT",
                    "governor": 0,
                    "governorGloss": "ROOT",
                    "dependent": 6,
                    "dependentGloss": "asking"
                },
                {
                    "dep": "det",
                    "governor": 3,
                    "governorGloss": "message",
                    "dependent": 1,
                    "dependentGloss": "The"
                },
                {
                    "dep": "amod",
                    "governor": 3,
                    "governorGloss": "message",
                    "dependent": 2,
                    "dependentGloss": "deface"
                },
                {
                    "dep": "nsubj",
                    "governor": 6,
                    "governorGloss": "asking",
                    "dependent": 3,
                    "dependentGloss": "message"
                },
                {
                    "dep": "nmod:npmod",
                    "governor": 3,
                    "governorGloss": "message",
                    "dependent": 4,
                    "dependentGloss": "itself"
                },
                {
                    "dep": "aux",
                    "governor": 6,
                    "governorGloss": "asking",
                    "dependent": 5,
                    "dependentGloss": "was"
                },
                {
                    "dep": "dobj",
                    "governor": 6,
                    "governorGloss": "asking",
                    "dependent": 7,
                    "dependentGloss": "users"
                },
                {
                    "dep": "mark",
                    "governor": 9,
                    "governorGloss": "click",
                    "dependent": 8,
                    "dependentGloss": "to"
                },
                {
                    "dep": "xcomp",
                    "governor": 6,
                    "governorGloss": "asking",
                    "dependent": 9,
                    "dependentGloss": "click"
                },
                {
                    "dep": "case",
                    "governor": 12,
                    "governorGloss": "cat",
                    "dependent": 10,
                    "dependentGloss": "on"
                },
                {
                    "dep": "det",
                    "governor": 12,
                    "governorGloss": "cat",
                    "dependent": 11,
                    "dependentGloss": "a"
                },
                {
                    "dep": "nmod",
                    "governor": 9,
                    "governorGloss": "click",
                    "dependent": 12,
                    "dependentGloss": "cat"
                },
                {
                    "dep": "mark",
                    "governor": 14,
                    "governorGloss": "read",
                    "dependent": 13,
                    "dependentGloss": "to"
                },
                {
                    "dep": "xcomp",
                    "governor": 9,
                    "governorGloss": "click",
                    "dependent": 14,
                    "dependentGloss": "read"
                },
                {
                    "dep": "nmod:poss",
                    "governor": 17,
                    "governorGloss": "background",
                    "dependent": 15,
                    "dependentGloss": "group"
                },
                {
                    "dep": "case",
                    "governor": 15,
                    "governorGloss": "group",
                    "dependent": 16,
                    "dependentGloss": "'s"
                },
                {
                    "dep": "dobj",
                    "governor": 14,
                    "governorGloss": "read",
                    "dependent": 17,
                    "dependentGloss": "background"
                },
                {
                    "dep": "cc",
                    "governor": 14,
                    "governorGloss": "read",
                    "dependent": 18,
                    "dependentGloss": "but"
                },
                {
                    "dep": "mark",
                    "governor": 20,
                    "governorGloss": "clicking",
                    "dependent": 19,
                    "dependentGloss": "upon"
                },
                {
                    "dep": "conj",
                    "governor": 14,
                    "governorGloss": "read",
                    "dependent": 20,
                    "dependentGloss": "clicking"
                },
                {
                    "dep": "punct",
                    "governor": 6,
                    "governorGloss": "asking",
                    "dependent": 21,
                    "dependentGloss": ","
                },
                {
                    "dep": "nsubjpass",
                    "governor": 24,
                    "governorGloss": "redirected",
                    "dependent": 22,
                    "dependentGloss": "they"
                },
                {
                    "dep": "auxpass",
                    "governor": 24,
                    "governorGloss": "redirected",
                    "dependent": 23,
                    "dependentGloss": "were"
                },
                {
                    "dep": "parataxis",
                    "governor": 6,
                    "governorGloss": "asking",
                    "dependent": 24,
                    "dependentGloss": "redirected"
                },
                {
                    "dep": "case",
                    "governor": 26,
                    "governorGloss": "RedTube",
                    "dependent": 25,
                    "dependentGloss": "to"
                },
                {
                    "dep": "nmod",
                    "governor": 24,
                    "governorGloss": "redirected",
                    "dependent": 26,
                    "dependentGloss": "RedTube"
                }
            ],
            "enhancedDependencies": [
                {
                    "dep": "ROOT",
                    "governor": 0,
                    "governorGloss": "ROOT",
                    "dependent": 6,
                    "dependentGloss": "asking"
                },
                {
                    "dep": "det",
                    "governor": 3,
                    "governorGloss": "message",
                    "dependent": 1,
                    "dependentGloss": "The"
                },
                {
                    "dep": "amod",
                    "governor": 3,
                    "governorGloss": "message",
                    "dependent": 2,
                    "dependentGloss": "deface"
                },
                {
                    "dep": "nsubj",
                    "governor": 6,
                    "governorGloss": "asking",
                    "dependent": 3,
                    "dependentGloss": "message"
                },
                {
                    "dep": "nmod:npmod",
                    "governor": 3,
                    "governorGloss": "message",
                    "dependent": 4,
                    "dependentGloss": "itself"
                },
                {
                    "dep": "aux",
                    "governor": 6,
                    "governorGloss": "asking",
                    "dependent": 5,
                    "dependentGloss": "was"
                },
                {
                    "dep": "dobj",
                    "governor": 6,
                    "governorGloss": "asking",
                    "dependent": 7,
                    "dependentGloss": "users"
                },
                {
                    "dep": "nsubj:xsubj",
                    "governor": 9,
                    "governorGloss": "click",
                    "dependent": 7,
                    "dependentGloss": "users"
                },
                {
                    "dep": "mark",
                    "governor": 9,
                    "governorGloss": "click",
                    "dependent": 8,
                    "dependentGloss": "to"
                },
                {
                    "dep": "xcomp",
                    "governor": 6,
                    "governorGloss": "asking",
                    "dependent": 9,
                    "dependentGloss": "click"
                },
                {
                    "dep": "case",
                    "governor": 12,
                    "governorGloss": "cat",
                    "dependent": 10,
                    "dependentGloss": "on"
                },
                {
                    "dep": "det",
                    "governor": 12,
                    "governorGloss": "cat",
                    "dependent": 11,
                    "dependentGloss": "a"
                },
                {
                    "dep": "nmod:on",
                    "governor": 9,
                    "governorGloss": "click",
                    "dependent": 12,
                    "dependentGloss": "cat"
                },
                {
                    "dep": "mark",
                    "governor": 14,
                    "governorGloss": "read",
                    "dependent": 13,
                    "dependentGloss": "to"
                },
                {
                    "dep": "xcomp",
                    "governor": 9,
                    "governorGloss": "click",
                    "dependent": 14,
                    "dependentGloss": "read"
                },
                {
                    "dep": "nmod:poss",
                    "governor": 17,
                    "governorGloss": "background",
                    "dependent": 15,
                    "dependentGloss": "group"
                },
                {
                    "dep": "case",
                    "governor": 15,
                    "governorGloss": "group",
                    "dependent": 16,
                    "dependentGloss": "'s"
                },
                {
                    "dep": "dobj",
                    "governor": 14,
                    "governorGloss": "read",
                    "dependent": 17,
                    "dependentGloss": "background"
                },
                {
                    "dep": "cc",
                    "governor": 14,
                    "governorGloss": "read",
                    "dependent": 18,
                    "dependentGloss": "but"
                },
                {
                    "dep": "mark",
                    "governor": 20,
                    "governorGloss": "clicking",
                    "dependent": 19,
                    "dependentGloss": "upon"
                },
                {
                    "dep": "xcomp",
                    "governor": 9,
                    "governorGloss": "click",
                    "dependent": 20,
                    "dependentGloss": "clicking"
                },
                {
                    "dep": "conj:but",
                    "governor": 14,
                    "governorGloss": "read",
                    "dependent": 20,
                    "dependentGloss": "clicking"
                },
                {
                    "dep": "punct",
                    "governor": 6,
                    "governorGloss": "asking",
                    "dependent": 21,
                    "dependentGloss": ","
                },
                {
                    "dep": "nsubjpass",
                    "governor": 24,
                    "governorGloss": "redirected",
                    "dependent": 22,
                    "dependentGloss": "they"
                },
                {
                    "dep": "auxpass",
                    "governor": 24,
                    "governorGloss": "redirected",
                    "dependent": 23,
                    "dependentGloss": "were"
                },
                {
                    "dep": "parataxis",
                    "governor": 6,
                    "governorGloss": "asking",
                    "dependent": 24,
                    "dependentGloss": "redirected"
                },
                {
                    "dep": "case",
                    "governor": 26,
                    "governorGloss": "RedTube",
                    "dependent": 25,
                    "dependentGloss": "to"
                },
                {
                    "dep": "nmod:to",
                    "governor": 24,
                    "governorGloss": "redirected",
                    "dependent": 26,
                    "dependentGloss": "RedTube"
                }
            ],
            "enhancedPlusPlusDependencies": [
                {
                    "dep": "ROOT",
                    "governor": 0,
                    "governorGloss": "ROOT",
                    "dependent": 6,
                    "dependentGloss": "asking"
                },
                {
                    "dep": "det",
                    "governor": 3,
                    "governorGloss": "message",
                    "dependent": 1,
                    "dependentGloss": "The"
                },
                {
                    "dep": "amod",
                    "governor": 3,
                    "governorGloss": "message",
                    "dependent": 2,
                    "dependentGloss": "deface"
                },
                {
                    "dep": "nsubj",
                    "governor": 6,
                    "governorGloss": "asking",
                    "dependent": 3,
                    "dependentGloss": "message"
                },
                {
                    "dep": "nmod:npmod",
                    "governor": 3,
                    "governorGloss": "message",
                    "dependent": 4,
                    "dependentGloss": "itself"
                },
                {
                    "dep": "aux",
                    "governor": 6,
                    "governorGloss": "asking",
                    "dependent": 5,
                    "dependentGloss": "was"
                },
                {
                    "dep": "dobj",
                    "governor": 6,
                    "governorGloss": "asking",
                    "dependent": 7,
                    "dependentGloss": "users"
                },
                {
                    "dep": "nsubj:xsubj",
                    "governor": 9,
                    "governorGloss": "click",
                    "dependent": 7,
                    "dependentGloss": "users"
                },
                {
                    "dep": "mark",
                    "governor": 9,
                    "governorGloss": "click",
                    "dependent": 8,
                    "dependentGloss": "to"
                },
                {
                    "dep": "xcomp",
                    "governor": 6,
                    "governorGloss": "asking",
                    "dependent": 9,
                    "dependentGloss": "click"
                },
                {
                    "dep": "case",
                    "governor": 12,
                    "governorGloss": "cat",
                    "dependent": 10,
                    "dependentGloss": "on"
                },
                {
                    "dep": "det",
                    "governor": 12,
                    "governorGloss": "cat",
                    "dependent": 11,
                    "dependentGloss": "a"
                },
                {
                    "dep": "nmod:on",
                    "governor": 9,
                    "governorGloss": "click",
                    "dependent": 12,
                    "dependentGloss": "cat"
                },
                {
                    "dep": "mark",
                    "governor": 14,
                    "governorGloss": "read",
                    "dependent": 13,
                    "dependentGloss": "to"
                },
                {
                    "dep": "xcomp",
                    "governor": 9,
                    "governorGloss": "click",
                    "dependent": 14,
                    "dependentGloss": "read"
                },
                {
                    "dep": "nmod:poss",
                    "governor": 17,
                    "governorGloss": "background",
                    "dependent": 15,
                    "dependentGloss": "group"
                },
                {
                    "dep": "case",
                    "governor": 15,
                    "governorGloss": "group",
                    "dependent": 16,
                    "dependentGloss": "'s"
                },
                {
                    "dep": "dobj",
                    "governor": 14,
                    "governorGloss": "read",
                    "dependent": 17,
                    "dependentGloss": "background"
                },
                {
                    "dep": "cc",
                    "governor": 14,
                    "governorGloss": "read",
                    "dependent": 18,
                    "dependentGloss": "but"
                },
                {
                    "dep": "mark",
                    "governor": 20,
                    "governorGloss": "clicking",
                    "dependent": 19,
                    "dependentGloss": "upon"
                },
                {
                    "dep": "xcomp",
                    "governor": 9,
                    "governorGloss": "click",
                    "dependent": 20,
                    "dependentGloss": "clicking"
                },
                {
                    "dep": "conj:but",
                    "governor": 14,
                    "governorGloss": "read",
                    "dependent": 20,
                    "dependentGloss": "clicking"
                },
                {
                    "dep": "punct",
                    "governor": 6,
                    "governorGloss": "asking",
                    "dependent": 21,
                    "dependentGloss": ","
                },
                {
                    "dep": "nsubjpass",
                    "governor": 24,
                    "governorGloss": "redirected",
                    "dependent": 22,
                    "dependentGloss": "they"
                },
                {
                    "dep": "auxpass",
                    "governor": 24,
                    "governorGloss": "redirected",
                    "dependent": 23,
                    "dependentGloss": "were"
                },
                {
                    "dep": "parataxis",
                    "governor": 6,
                    "governorGloss": "asking",
                    "dependent": 24,
                    "dependentGloss": "redirected"
                },
                {
                    "dep": "case",
                    "governor": 26,
                    "governorGloss": "RedTube",
                    "dependent": 25,
                    "dependentGloss": "to"
                },
                {
                    "dep": "nmod:to",
                    "governor": 24,
                    "governorGloss": "redirected",
                    "dependent": 26,
                    "dependentGloss": "RedTube"
                }
            ],
            "entitymentions": [],
            "tokens": [
                {
                    "index": 1,
                    "word": "The",
                    "originalText": "The",
                    "lemma": "the",
                    "characterOffsetBegin": 209,
                    "characterOffsetEnd": 212,
                    "pos": "DT",
                    "ner": "O",
                    "speaker": "PER0",
                    "before": " ",
                    "after": " "
                },
                {
                    "index": 2,
                    "word": "deface",
                    "originalText": "deface",
                    "lemma": "deface",
                    "characterOffsetBegin": 213,
                    "characterOffsetEnd": 219,
                    "pos": "JJ",
                    "ner": "O",
                    "speaker": "PER0",
                    "before": " ",
                    "after": " "
                },
                {
                    "index": 3,
                    "word": "message",
                    "originalText": "message",
                    "lemma": "message",
                    "characterOffsetBegin": 220,
                    "characterOffsetEnd": 227,
                    "pos": "NN",
                    "ner": "O",
                    "speaker": "PER0",
                    "before": " ",
                    "after": " "
                },
                {
                    "index": 4,
                    "word": "itself",
                    "originalText": "itself",
                    "lemma": "itself",
                    "characterOffsetBegin": 228,
                    "characterOffsetEnd": 234,
                    "pos": "PRP",
                    "ner": "O",
                    "speaker": "PER0",
                    "before": " ",
                    "after": " "
                },
                {
                    "index": 5,
                    "word": "was",
                    "originalText": "was",
                    "lemma": "be",
                    "characterOffsetBegin": 235,
                    "characterOffsetEnd": 238,
                    "pos": "VBD",
                    "ner": "O",
                    "speaker": "PER0",
                    "before": " ",
                    "after": " "
                },
                {
                    "index": 6,
                    "word": "asking",
                    "originalText": "asking",
                    "lemma": "ask",
                    "characterOffsetBegin": 239,
                    "characterOffsetEnd": 245,
                    "pos": "VBG",
                    "ner": "O",
                    "speaker": "PER0",
                    "before": " ",
                    "after": " "
                },
                {
                    "index": 7,
                    "word": "users",
                    "originalText": "users",
                    "lemma": "user",
                    "characterOffsetBegin": 246,
                    "characterOffsetEnd": 251,
                    "pos": "NNS",
                    "ner": "O",
                    "speaker": "PER0",
                    "before": " ",
                    "after": " "
                },
                {
                    "index": 8,
                    "word": "to",
                    "originalText": "to",
                    "lemma": "to",
                    "characterOffsetBegin": 252,
                    "characterOffsetEnd": 254,
                    "pos": "TO",
                    "ner": "O",
                    "speaker": "PER0",
                    "before": " ",
                    "after": " "
                },
                {
                    "index": 9,
                    "word": "click",
                    "originalText": "click",
                    "lemma": "click",
                    "characterOffsetBegin": 255,
                    "characterOffsetEnd": 260,
                    "pos": "VB",
                    "ner": "O",
                    "speaker": "PER0",
                    "before": " ",
                    "after": " "
                },
                {
                    "index": 10,
                    "word": "on",
                    "originalText": "on",
                    "lemma": "on",
                    "characterOffsetBegin": 261,
                    "characterOffsetEnd": 263,
                    "pos": "IN",
                    "ner": "O",
                    "speaker": "PER0",
                    "before": " ",
                    "after": " "
                },
                {
                    "index": 11,
                    "word": "a",
                    "originalText": "a",
                    "lemma": "a",
                    "characterOffsetBegin": 264,
                    "characterOffsetEnd": 265,
                    "pos": "DT",
                    "ner": "O",
                    "speaker": "PER0",
                    "before": " ",
                    "after": " "
                },
                {
                    "index": 12,
                    "word": "cat",
                    "originalText": "cat",
                    "lemma": "cat",
                    "characterOffsetBegin": 266,
                    "characterOffsetEnd": 269,
                    "pos": "NN",
                    "ner": "O",
                    "speaker": "PER0",
                    "before": " ",
                    "after": " "
                },
                {
                    "index": 13,
                    "word": "to",
                    "originalText": "to",
                    "lemma": "to",
                    "characterOffsetBegin": 270,
                    "characterOffsetEnd": 272,
                    "pos": "TO",
                    "ner": "O",
                    "speaker": "PER0",
                    "before": " ",
                    "after": " "
                },
                {
                    "index": 14,
                    "word": "read",
                    "originalText": "read",
                    "lemma": "read",
                    "characterOffsetBegin": 273,
                    "characterOffsetEnd": 277,
                    "pos": "VB",
                    "ner": "O",
                    "speaker": "PER0",
                    "before": " ",
                    "after": " "
                },
                {
                    "index": 15,
                    "word": "group",
                    "originalText": "group",
                    "lemma": "group",
                    "characterOffsetBegin": 278,
                    "characterOffsetEnd": 283,
                    "pos": "NN",
                    "ner": "O",
                    "speaker": "PER0",
                    "before": " ",
                    "after": ""
                },
                {
                    "index": 16,
                    "word": "'s",
                    "originalText": "\u2019s",
                    "lemma": "'s",
                    "characterOffsetBegin": 283,
                    "characterOffsetEnd": 285,
                    "pos": "POS",
                    "ner": "O",
                    "speaker": "PER0",
                    "before": "",
                    "after": " "
                },
                {
                    "index": 17,
                    "word": "background",
                    "originalText": "background",
                    "lemma": "background",
                    "characterOffsetBegin": 286,
                    "characterOffsetEnd": 296,
                    "pos": "NN",
                    "ner": "O",
                    "speaker": "PER0",
                    "before": " ",
                    "after": " "
                },
                {
                    "index": 18,
                    "word": "but",
                    "originalText": "but",
                    "lemma": "but",
                    "characterOffsetBegin": 297,
                    "characterOffsetEnd": 300,
                    "pos": "CC",
                    "ner": "O",
                    "speaker": "PER0",
                    "before": " ",
                    "after": " "
                },
                {
                    "index": 19,
                    "word": "upon",
                    "originalText": "upon",
                    "lemma": "upon",
                    "characterOffsetBegin": 301,
                    "characterOffsetEnd": 305,
                    "pos": "IN",
                    "ner": "O",
                    "speaker": "PER0",
                    "before": " ",
                    "after": " "
                },
                {
                    "index": 20,
                    "word": "clicking",
                    "originalText": "clicking",
                    "lemma": "click",
                    "characterOffsetBegin": 306,
                    "characterOffsetEnd": 314,
                    "pos": "VBG",
                    "ner": "O",
                    "speaker": "PER0",
                    "before": " ",
                    "after": ""
                },
                {
                    "index": 21,
                    "word": ",",
                    "originalText": ",",
                    "lemma": ",",
                    "characterOffsetBegin": 314,
                    "characterOffsetEnd": 315,
                    "pos": ",",
                    "ner": "O",
                    "speaker": "PER0",
                    "before": "",
                    "after": " "
                },
                {
                    "index": 22,
                    "word": "they",
                    "originalText": "they",
                    "lemma": "they",
                    "characterOffsetBegin": 316,
                    "characterOffsetEnd": 320,
                    "pos": "PRP",
                    "ner": "O",
                    "speaker": "PER0",
                    "before": " ",
                    "after": " "
                },
                {
                    "index": 23,
                    "word": "were",
                    "originalText": "were",
                    "lemma": "be",
                    "characterOffsetBegin": 321,
                    "characterOffsetEnd": 325,
                    "pos": "VBD",
                    "ner": "O",
                    "speaker": "PER0",
                    "before": " ",
                    "after": " "
                },
                {
                    "index": 24,
                    "word": "redirected",
                    "originalText": "redirected",
                    "lemma": "redirect",
                    "characterOffsetBegin": 326,
                    "characterOffsetEnd": 336,
                    "pos": "VBN",
                    "ner": "O",
                    "speaker": "PER0",
                    "before": " ",
                    "after": " "
                },
                {
                    "index": 25,
                    "word": "to",
                    "originalText": "to",
                    "lemma": "to",
                    "characterOffsetBegin": 337,
                    "characterOffsetEnd": 339,
                    "pos": "TO",
                    "ner": "O",
                    "speaker": "PER0",
                    "before": " ",
                    "after": " "
                },
                {
                    "index": 26,
                    "word": "RedTube",
                    "originalText": "RedTube",
                    "lemma": "RedTube",
                    "characterOffsetBegin": 340,
                    "characterOffsetEnd": 347,
                    "pos": "NNP",
                    "ner": "O",
                    "speaker": "PER0",
                    "before": " ",
                    "after": ""
                }
            ]
        }
    ],
    "corefs": {
        "1": [
            {
                "id": 1,
                "text": "Grupo Folha",
                "type": "PROPER",
                "number": "UNKNOWN",
                "gender": "NEUTRAL",
                "animacy": "INANIMATE",
                "startIndex": 1,
                "endIndex": 3,
                "headIndex": 2,
                "sentNum": 1,
                "position": [
                    1,
                    1
                ],
                "isRepresentativeMention": true
            },
            {
                "id": 4,
                "text": "the third largest Brazilian media conglomerate",
                "type": "NOMINAL",
                "number": "SINGULAR",
                "gender": "NEUTRAL",
                "animacy": "INANIMATE",
                "startIndex": 4,
                "endIndex": 10,
                "headIndex": 9,
                "sentNum": 1,
                "position": [
                    1,
                    2
                ],
                "isRepresentativeMention": false
            }
        ],
        "17": [
            {
                "id": 17,
                "text": "RedTube",
                "type": "PROPER",
                "number": "SINGULAR",
                "gender": "UNKNOWN",
                "animacy": "UNKNOWN",
                "startIndex": 26,
                "endIndex": 27,
                "headIndex": 26,
                "sentNum": 3,
                "position": [
                    3,
                    8
                ],
                "isRepresentativeMention": true
            }
        ],
        "2": [
            {
                "id": 2,
                "text": "third",
                "type": "PROPER",
                "number": "SINGULAR",
                "gender": "UNKNOWN",
                "animacy": "INANIMATE",
                "startIndex": 5,
                "endIndex": 6,
                "headIndex": 5,
                "sentNum": 1,
                "position": [
                    1,
                    3
                ],
                "isRepresentativeMention": true
            }
        ],
        "3": [
            {
                "id": 3,
                "text": "UOL",
                "type": "PROPER",
                "number": "UNKNOWN",
                "gender": "NEUTRAL",
                "animacy": "INANIMATE",
                "startIndex": 14,
                "endIndex": 15,
                "headIndex": 14,
                "sentNum": 1,
                "position": [
                    1,
                    5
                ],
                "isRepresentativeMention": true
            }
        ],
        "5": [
            {
                "id": 5,
                "text": "Universo Online -LRB- UOL -RRB-",
                "type": "PROPER",
                "number": "UNKNOWN",
                "gender": "NEUTRAL",
                "animacy": "INANIMATE",
                "startIndex": 11,
                "endIndex": 16,
                "headIndex": 12,
                "sentNum": 1,
                "position": [
                    1,
                    4
                ],
                "isRepresentativeMention": true
            },
            {
                "id": 6,
                "text": "a web content , products and services Brazilian firm",
                "type": "LIST",
                "number": "PLURAL",
                "gender": "UNKNOWN",
                "animacy": "INANIMATE",
                "startIndex": 17,
                "endIndex": 26,
                "headIndex": 19,
                "sentNum": 1,
                "position": [
                    1,
                    6
                ],
                "isRepresentativeMention": false
            },
            {
                "id": 7,
                "text": "a web content",
                "type": "NOMINAL",
                "number": "SINGULAR",
                "gender": "NEUTRAL",
                "animacy": "INANIMATE",
                "startIndex": 17,
                "endIndex": 20,
                "headIndex": 19,
                "sentNum": 1,
                "position": [
                    1,
                    7
                ],
                "isRepresentativeMention": false
            }
        ],
        "8": [
            {
                "id": 8,
                "text": "products and services Brazilian firm",
                "type": "LIST",
                "number": "PLURAL",
                "gender": "UNKNOWN",
                "animacy": "INANIMATE",
                "startIndex": 21,
                "endIndex": 26,
                "headIndex": 21,
                "sentNum": 1,
                "position": [
                    1,
                    8
                ],
                "isRepresentativeMention": true
            }
        ],
        "9": [
            {
                "id": 9,
                "text": "the whole scheme",
                "type": "NOMINAL",
                "number": "SINGULAR",
                "gender": "NEUTRAL",
                "animacy": "INANIMATE",
                "startIndex": 10,
                "endIndex": 13,
                "headIndex": 12,
                "sentNum": 2,
                "position": [
                    2,
                    1
                ],
                "isRepresentativeMention": true
            },
            {
                "id": 11,
                "text": "itself",
                "type": "PRONOMINAL",
                "number": "SINGULAR",
                "gender": "UNKNOWN",
                "animacy": "INANIMATE",
                "startIndex": 4,
                "endIndex": 5,
                "headIndex": 4,
                "sentNum": 3,
                "position": [
                    3,
                    2
                ],
                "isRepresentativeMention": false
            }
        ],
        "10": [
            {
                "id": 10,
                "text": "The deface message itself was asking users to click on a cat to read group 's background but upon clicking",
                "type": "NOMINAL",
                "number": "SINGULAR",
                "gender": "UNKNOWN",
                "animacy": "INANIMATE",
                "startIndex": 1,
                "endIndex": 21,
                "headIndex": 3,
                "sentNum": 3,
                "position": [
                    3,
                    1
                ],
                "isRepresentativeMention": true
            }
        ],
        "12": [
            {
                "id": 12,
                "text": "users",
                "type": "NOMINAL",
                "number": "PLURAL",
                "gender": "UNKNOWN",
                "animacy": "ANIMATE",
                "startIndex": 7,
                "endIndex": 8,
                "headIndex": 7,
                "sentNum": 3,
                "position": [
                    3,
                    3
                ],
                "isRepresentativeMention": true
            },
            {
                "id": 16,
                "text": "they",
                "type": "PRONOMINAL",
                "number": "PLURAL",
                "gender": "UNKNOWN",
                "animacy": "ANIMATE",
                "startIndex": 22,
                "endIndex": 23,
                "headIndex": 22,
                "sentNum": 3,
                "position": [
                    3,
                    7
                ],
                "isRepresentativeMention": false
            }
        ],
        "13": [
            {
                "id": 13,
                "text": "a cat to read group 's background",
                "type": "NOMINAL",
                "number": "SINGULAR",
                "gender": "UNKNOWN",
                "animacy": "ANIMATE",
                "startIndex": 11,
                "endIndex": 18,
                "headIndex": 12,
                "sentNum": 3,
                "position": [
                    3,
                    4
                ],
                "isRepresentativeMention": true
            }
        ],
        "14": [
            {
                "id": 14,
                "text": "group 's background",
                "type": "NOMINAL",
                "number": "SINGULAR",
                "gender": "UNKNOWN",
                "animacy": "INANIMATE",
                "startIndex": 15,
                "endIndex": 18,
                "headIndex": 17,
                "sentNum": 3,
                "position": [
                    3,
                    5
                ],
                "isRepresentativeMention": true
            }
        ],
        "15": [
            {
                "id": 15,
                "text": "group 's",
                "type": "NOMINAL",
                "number": "SINGULAR",
                "gender": "NEUTRAL",
                "animacy": "INANIMATE",
                "startIndex": 15,
                "endIndex": 17,
                "headIndex": 15,
                "sentNum": 3,
                "position": [
                    3,
                    6
                ],
                "isRepresentativeMention": true
            }
        ]
    },
    "docId": "105.content"
}